8/10/2022,17:24,8/10/2022,https://ngan-hang.com/ty-gia-ngan-hang-acb,ACB,Đô la,USD,23700,23770,24050
8/10/2022,17:24,8/10/2022,https://ngan-hang.com/ty-gia-ngan-hang-acb,ACB,Euro,EUR,22972,23064,23541
8/10/2022,17:24,8/10/2022,https://ngan-hang.com/ty-gia-ngan-hang-acb,ACB,Bảng Anh,GBP,0,26231,0
8/10/2022,17:24,8/10/2022,https://ngan-hang.com/ty-gia-ngan-hang-acb,ACB,Đô la Singapore,SGD,16384,16491,16832
8/10/2022,17:24,8/10/2022,https://ngan-hang.com/ty-gia-ngan-hang-acb,ACB,Yên Nhật,JPY,161.88,162.7,166.06
8/10/2022,17:24,8/10/2022,https://ngan-hang.com/ty-gia-ngan-hang-acb,ACB,Đô la Hồng Kông,HKD,0,0,0
8/10/2022,17:24,8/10/2022,https://ngan-hang.com/ty-gia-ngan-hang-acb,ACB,Đô la Úc,AUD,14925,15023,15395
8/10/2022,17:24,8/10/2022,https://ngan-hang.com/ty-gia-ngan-hang-acb,ACB,Đô la Canada,CAD,17121,17224,17581
8/10/2022,17:24,8/10/2022,https://ngan-hang.com/ty-gia-ngan-hang-acb,ACB,Won Hàn Quốc,KRW,0,16.82,0
8/10/2022,17:24,8/10/2022,https://ngan-hang.com/ty-gia-ngan-hang-acb,ACB,Franc Thuỵ Sĩ,CHF,0,23750,0
8/10/2022,17:24,8/10/2022,https://ngan-hang.com/ty-gia-ngan-hang-acb,ACB,Baht Thái,THB,0,631,0
8/10/2022,17:24,8/10/2022,https://ngan-hang.com/ty-gia-ngan-hang-acb,ACB,Đô la Đài Loan,TWD,0,0,0
8/10/2022,17:24,8/10/2022,https://ngan-hang.com/ty-gia-ngan-hang-acb,ACB,Ðô la New Zealand,NZD,0,13242,0
8/10/2022,17:24,8/10/2022,https://ngan-hang.com/ty-gia-ngan-hang-agribank,Agribank,Đô la,USD,23710,23735,24015
8/10/2022,17:24,8/10/2022,https://ngan-hang.com/ty-gia-ngan-hang-agribank,Agribank,Bảng Anh,GBP,26120,26278,26948
8/10/2022,17:24,8/10/2022,https://ngan-hang.com/ty-gia-ngan-hang-agribank,Agribank,Đô la Singapore,SGD,16442,16508,16891
8/10/2022,17:24,8/10/2022,https://ngan-hang.com/ty-gia-ngan-hang-agribank,Agribank,Đô la Hồng Kông,HKD,2983,2995,3089
8/10/2022,17:24,8/10/2022,https://ngan-hang.com/ty-gia-ngan-hang-agribank,Agribank,Yên Nhật,JPY,162.25,162.4,169.04
8/10/2022,17:24,8/10/2022,https://ngan-hang.com/ty-gia-ngan-hang-agribank,Agribank,Đô la Úc,AUD,14948,15008,15593
8/10/2022,17:24,8/10/2022,https://ngan-hang.com/ty-gia-ngan-hang-agribank,Agribank,Đô la Canada,CAD,17099,17168,17574
8/10/2022,17:24,8/10/2022,https://ngan-hang.com/ty-gia-ngan-hang-agribank,Agribank,Won Hàn Quốc,KRW,0,16.22,18.62
8/10/2022,17:24,8/10/2022,https://ngan-hang.com/ty-gia-ngan-hang-agribank,Agribank,Franc Thuỵ Sĩ,CHF,23691,23786,24434
8/10/2022,17:24,8/10/2022,https://ngan-hang.com/ty-gia-ngan-hang-agribank,Agribank,Baht Thái,THB,618,620,655
8/10/2022,17:24,8/10/2022,https://ngan-hang.com/ty-gia-ngan-hang-agribank,Agribank,Ðô la New Zealand,NZD,0,13258,13751
8/10/2022,17:24,8/10/2022,https://ngan-hang.com/ty-gia-ngan-hang-bidv,BIDV,Đô la,USD,23760,23760,24040
8/10/2022,17:24,8/10/2022,https://ngan-hang.com/ty-gia-ngan-hang-bidv,BIDV,Euro,EUR,22980,23043,24042
8/10/2022,17:24,8/10/2022,https://ngan-hang.com/ty-gia-ngan-hang-bidv,BIDV,Bảng Anh,GBP,26156,26314,27279
8/10/2022,17:24,8/10/2022,https://ngan-hang.com/ty-gia-ngan-hang-bidv,BIDV,Đô la Singapore,SGD,16367,16466,16945
8/10/2022,17:24,8/10/2022,https://ngan-hang.com/ty-gia-ngan-hang-bidv,BIDV,Yên Nhật,JPY,161.19,162.16,169.41
8/10/2022,17:24,8/10/2022,https://ngan-hang.com/ty-gia-ngan-hang-bidv,BIDV,Nhân dân tệ,CNY,0,3305,3414
8/10/2022,17:24,8/10/2022,https://ngan-hang.com/ty-gia-ngan-hang-bidv,BIDV,Đô la Hồng Kông,HKD,2982,3003,3087
8/10/2022,17:24,8/10/2022,https://ngan-hang.com/ty-gia-ngan-hang-bidv,BIDV,Đô la Úc,AUD,14970,15061,15555
8/10/2022,17:24,8/10/2022,https://ngan-hang.com/ty-gia-ngan-hang-bidv,BIDV,Đô la Canada,CAD,17027,17130,17664
8/10/2022,17:24,8/10/2022,https://ngan-hang.com/ty-gia-ngan-hang-bidv,BIDV,Rúp Nga,RUB,0,352,451
8/10/2022,17:24,8/10/2022,https://ngan-hang.com/ty-gia-ngan-hang-bidv,BIDV,Franc Thuỵ Sĩ,CHF,23650,23793,24526
8/10/2022,17:24,8/10/2022,https://ngan-hang.com/ty-gia-ngan-hang-bidv,BIDV,Won Hàn Quốc,KRW,15.14,0,17.72
8/10/2022,17:24,8/10/2022,https://ngan-hang.com/ty-gia-ngan-hang-bidv,BIDV,Ringit Malaysia,MYR,4808.14,0,5275.4
8/10/2022,17:24,8/10/2022,https://ngan-hang.com/ty-gia-ngan-hang-bidv,BIDV,Krona Thuỵ Điển,SEK,0,2109,2178
8/10/2022,17:24,8/10/2022,https://ngan-hang.com/ty-gia-ngan-hang-bidv,BIDV,Krone Na Uy,NOK,0,2193,2264
8/10/2022,17:24,8/10/2022,https://ngan-hang.com/ty-gia-ngan-hang-bidv,BIDV,Baht Thái,THB,603.62,609.72,665.2
8/10/2022,17:24,8/10/2022,https://ngan-hang.com/ty-gia-ngan-hang-bidv,BIDV,Đô la Đài Loan,TWD,682.62,0,774.91
8/10/2022,17:24,8/10/2022,https://ngan-hang.com/ty-gia-ngan-hang-bidv,BIDV,Ðô la New Zealand,NZD,13256,13336,13652
8/10/2022,17:24,8/10/2022,https://ngan-hang.com/ty-gia-ngan-hang-bidv,BIDV,Kip Lào,LAK,0,1.1,1.41
8/10/2022,17:24,8/10/2022,https://ngan-hang.com/ty-gia-ngan-hang-bidv,BIDV,Krone Đan Mạch,DKK,0,3099,3199
8/10/2022,17:24,8/10/2022,https://ngan-hang.com/ty-gia-ngan-hang-hsbc,HSBC,Đô la,USD,23768,23768,23982
8/10/2022,17:24,8/10/2022,https://ngan-hang.com/ty-gia-ngan-hang-hsbc,HSBC,Euro,EUR,22918,22965,23806
8/10/2022,17:24,8/10/2022,https://ngan-hang.com/ty-gia-ngan-hang-hsbc,HSBC,Bảng Anh,GBP,25956,26196,27047
8/10/2022,17:24,8/10/2022,https://ngan-hang.com/ty-gia-ngan-hang-hsbc,HSBC,Đô la Singapore,SGD,16292,16443,16977
8/10/2022,17:24,8/10/2022,https://ngan-hang.com/ty-gia-ngan-hang-hsbc,HSBC,Đô la Hồng Kông,HKD,2966,2993,3091
8/10/2022,17:24,8/10/2022,https://ngan-hang.com/ty-gia-ngan-hang-hsbc,HSBC,Yên Nhật,JPY,160.69,161.85,167.78
8/10/2022,17:24,8/10/2022,https://ngan-hang.com/ty-gia-ngan-hang-hsbc,HSBC,Đô la Úc,AUD,14942,15050,15601
8/10/2022,17:24,8/10/2022,https://ngan-hang.com/ty-gia-ngan-hang-hsbc,HSBC,Đô la Canada,CAD,16942,17099,17654
8/10/2022,17:24,8/10/2022,https://ngan-hang.com/ty-gia-ngan-hang-hsbc,HSBC,Franc Thuỵ Sĩ,CHF,23732,23732,24502
8/10/2022,17:24,8/10/2022,https://ngan-hang.com/ty-gia-ngan-hang-hsbc,HSBC,Baht Thái,THB,616,616,661
8/10/2022,17:24,8/10/2022,https://ngan-hang.com/ty-gia-ngan-hang-hsbc,HSBC,Ðô la New Zealand,NZD,13308,13308,13741
8/10/2022,17:24,8/10/2022,https://ngan-hang.com/ty-gia-ngan-hang-ncb,NCB,Đô la,USD,23740,23760,24010
8/10/2022,17:24,8/10/2022,https://ngan-hang.com/ty-gia-ngan-hang-ncb,NCB,Euro,EUR,22658,22768,23780
8/10/2022,17:24,8/10/2022,https://ngan-hang.com/ty-gia-ngan-hang-ncb,NCB,Bảng Anh,GBP,25943,26063,26895
8/10/2022,17:24,8/10/2022,https://ngan-hang.com/ty-gia-ngan-hang-ncb,NCB,Đô la Singapore,SGD,16139,16360,17017
8/10/2022,17:24,8/10/2022,https://ngan-hang.com/ty-gia-ngan-hang-ncb,NCB,Yên Nhật,JPY,160.25,161.45,167.44
8/10/2022,17:24,8/10/2022,https://ngan-hang.com/ty-gia-ngan-hang-ncb,NCB,Đô la Úc,AUD,14800,14900,15568
8/10/2022,17:24,8/10/2022,https://ngan-hang.com/ty-gia-ngan-hang-ncb,NCB,Đô la Canada,CAD,16998,17098,17701
8/10/2022,17:24,8/10/2022,https://ngan-hang.com/ty-gia-ngan-hang-ncb,NCB,Franc Thuỵ Sĩ,CHF,23513,23643,24373
8/10/2022,17:24,8/10/2022,https://ngan-hang.com/ty-gia-ngan-hang-ncb,NCB,Won Hàn Quốc,KRW,12.91,14.91,18.01
8/10/2022,17:24,8/10/2022,https://ngan-hang.com/ty-gia-ngan-hang-ncb,NCB,Baht Thái,THB,547,617,653
8/10/2022,17:24,8/10/2022,https://ngan-hang.com/ty-gia-ngan-hang-scb,SCB,Đô la,USD,23090,23090,23250
8/10/2022,17:24,8/10/2022,https://ngan-hang.com/ty-gia-ngan-hang-scb,SCB,Euro,EUR,27230,27310,27860
8/10/2022,17:24,8/10/2022,https://ngan-hang.com/ty-gia-ngan-hang-scb,SCB,Bảng Anh,GBP,30580,30700,31190
8/10/2022,17:24,8/10/2022,https://ngan-hang.com/ty-gia-ngan-hang-scb,SCB,Đô la Singapore,SGD,17120,17140,17450
8/10/2022,17:24,8/10/2022,https://ngan-hang.com/ty-gia-ngan-hang-scb,SCB,Yên Nhật,JPY,219.4,220.1,223.7
8/10/2022,17:24,8/10/2022,https://ngan-hang.com/ty-gia-ngan-hang-scb,SCB,Đô la Úc,AUD,16820,16870,17270
8/10/2022,17:24,8/10/2022,https://ngan-hang.com/ty-gia-ngan-hang-scb,SCB,Đô la Canada,CAD,17610,17680,18010
8/10/2022,17:24,8/10/2022,https://ngan-hang.com/ty-gia-ngan-hang-scb,SCB,Won Hàn Quốc,KRW,0,20.7,23
8/10/2022,17:24,8/10/2022,https://ngan-hang.com/ty-gia-ngan-hang-scb,SCB,Ðô la New Zealand,NZD,0,15990,16370
8/10/2022,17:24,8/10/2022,https://ngan-hang.com/ty-gia-ngan-hang-sacombank,Sacombank,Đô la,USD,23744,23784,24019
8/10/2022,17:24,8/10/2022,https://ngan-hang.com/ty-gia-ngan-hang-sacombank,Sacombank,Euro,EUR,23021,23121,23835
8/10/2022,17:24,8/10/2022,https://ngan-hang.com/ty-gia-ngan-hang-sacombank,Sacombank,Bảng Anh,GBP,26364,26414,27022
8/10/2022,17:24,8/10/2022,https://ngan-hang.com/ty-gia-ngan-hang-sacombank,Sacombank,Đô la Singapore,SGD,16408,16508,17017
8/10/2022,17:24,8/10/2022,https://ngan-hang.com/ty-gia-ngan-hang-sacombank,Sacombank,Yên Nhật,JPY,162,163,169
8/10/2022,17:24,8/10/2022,https://ngan-hang.com/ty-gia-ngan-hang-sacombank,Sacombank,Nhân dân tệ,CNY,0,3285,3458
8/10/2022,17:24,8/10/2022,https://ngan-hang.com/ty-gia-ngan-hang-sacombank,Sacombank,Đô la Hồng Kông,HKD,0,2959,3172
8/10/2022,17:24,8/10/2022,https://ngan-hang.com/ty-gia-ngan-hang-sacombank,Sacombank,Đô la Úc,AUD,15022,15122,15630
8/10/2022,17:24,8/10/2022,https://ngan-hang.com/ty-gia-ngan-hang-sacombank,Sacombank,Đô la Canada,CAD,17004,17204,17713
8/10/2022,17:24,8/10/2022,https://ngan-hang.com/ty-gia-ngan-hang-sacombank,Sacombank,Franc Thuỵ Sĩ,CHF,23847,23947,24462
8/10/2022,17:24,8/10/2022,https://ngan-hang.com/ty-gia-ngan-hang-sacombank,Sacombank,Won Hàn Quốc,KRW,0,15,19
8/10/2022,17:24,8/10/2022,https://ngan-hang.com/ty-gia-ngan-hang-sacombank,Sacombank,Baht Thái,THB,0,613,698
8/10/2022,17:24,8/10/2022,https://ngan-hang.com/ty-gia-ngan-hang-sacombank,Sacombank,Ringit Malaysia,MYR,0,5170,5615
8/10/2022,17:24,8/10/2022,https://ngan-hang.com/ty-gia-ngan-hang-sacombank,Sacombank,Krona Thuỵ Điển,SEK,0,2211,2465
8/10/2022,17:24,8/10/2022,https://ngan-hang.com/ty-gia-ngan-hang-sacombank,Sacombank,Krone Na Uy,NOK,0,2298,2446
8/10/2022,17:24,8/10/2022,https://ngan-hang.com/ty-gia-ngan-hang-sacombank,Sacombank,Ðô la New Zealand,NZD,0,13304,13716
8/10/2022,17:24,8/10/2022,https://ngan-hang.com/ty-gia-ngan-hang-sacombank,Sacombank,Kip Lào,LAK,0,1,1
8/10/2022,17:24,8/10/2022,https://ngan-hang.com/ty-gia-ngan-hang-sacombank,Sacombank,Peso Philippines,PHP,0,412,440
8/10/2022,17:24,8/10/2022,https://ngan-hang.com/ty-gia-ngan-hang-sacombank,Sacombank,Riel Campuchia,KHR,0,5,5
8/10/2022,17:24,8/10/2022,https://ngan-hang.com/ty-gia-ngan-hang-sacombank,Sacombank,Đô la Đài Loan,TWD,0,760,856
8/10/2022,17:24,8/10/2022,https://ngan-hang.com/ty-gia-ngan-hang-sacombank,Sacombank,Krone Đan Mạch,DKK,0,3135,3401
8/10/2022,17:24,8/10/2022,https://ngan-hang.com/ty-gia-ngan-hang-vietcombank,Vietcombank,Đô la,USD,23710,23740,24020
8/10/2022,17:24,8/10/2022,https://ngan-hang.com/ty-gia-ngan-hang-vietcombank,Vietcombank,Euro,EUR,22808.72,23039.11,24085.19
8/10/2022,17:24,8/10/2022,https://ngan-hang.com/ty-gia-ngan-hang-vietcombank,Vietcombank,Bảng Anh,GBP,26010.27,26273,27118.58
8/10/2022,17:24,8/10/2022,https://ngan-hang.com/ty-gia-ngan-hang-vietcombank,Vietcombank,Đô la Singapore,SGD,16285.73,16450.24,16979.68
8/10/2022,17:24,8/10/2022,https://ngan-hang.com/ty-gia-ngan-hang-vietcombank,Vietcombank,Yên Nhật,JPY,160.35,161.97,169.75
8/10/2022,17:24,8/10/2022,https://ngan-hang.com/ty-gia-ngan-hang-vietcombank,Vietcombank,Nhân dân tệ,CNY,3287.77,3320.98,3428.38
8/10/2022,17:24,8/10/2022,https://ngan-hang.com/ty-gia-ngan-hang-vietcombank,Vietcombank,Đô la Hồng Kông,HKD,2964.66,2994.61,3090.99
8/10/2022,17:24,8/10/2022,https://ngan-hang.com/ty-gia-ngan-hang-vietcombank,Vietcombank,Đô la Úc,AUD,14916.52,15067.2,15552.12
8/10/2022,17:24,8/10/2022,https://ngan-hang.com/ty-gia-ngan-hang-vietcombank,Vietcombank,Đô la Canada,CAD,16953.68,17124.93,17676.08
8/10/2022,17:24,8/10/2022,https://ngan-hang.com/ty-gia-ngan-hang-vietcombank,Vietcombank,Rúp Nga,RUB,0,337.91,457.94
8/10/2022,17:24,8/10/2022,https://ngan-hang.com/ty-gia-ngan-hang-vietcombank,Vietcombank,Franc Thuỵ Sĩ,CHF,23528.78,23766.44,24531.35
8/10/2022,17:24,8/10/2022,https://ngan-hang.com/ty-gia-ngan-hang-vietcombank,Vietcombank,Won Hàn Quốc,KRW,14.61,16.23,17.8
8/10/2022,17:24,8/10/2022,https://ngan-hang.com/ty-gia-ngan-hang-vietcombank,Vietcombank,Baht Thái,THB,563.27,625.85,649.88
8/10/2022,17:24,8/10/2022,https://ngan-hang.com/ty-gia-ngan-hang-vietcombank,Vietcombank,Ringit Malaysia,MYR,0,5080.38,5191.7
8/10/2022,17:24,8/10/2022,https://ngan-hang.com/ty-gia-ngan-hang-vietcombank,Vietcombank,Krona Thuỵ Điển,SEK,0,2099.46,2188.81
8/10/2022,17:24,8/10/2022,https://ngan-hang.com/ty-gia-ngan-hang-vietcombank,Vietcombank,Krone Na Uy,NOK,0,2183.86,2276.8
8/10/2022,17:24,8/10/2022,https://ngan-hang.com/ty-gia-ngan-hang-vietcombank,Vietcombank,Kuwaiti dinar,KWD,0,76814.11,79893.03
8/10/2022,17:24,8/10/2022,https://ngan-hang.com/ty-gia-ngan-hang-vietcombank,Vietcombank,Rupee Ấn Độ,INR,0,289.13,300.71
8/10/2022,17:24,8/10/2022,https://ngan-hang.com/ty-gia-ngan-hang-vietcombank,Vietcombank,Rian Ả-Rập-Xê-Út,SAR,0,6336.45,6590.43
8/10/2022,17:24,8/10/2022,https://ngan-hang.com/ty-gia-ngan-hang-vietcombank,Vietcombank,Krone Đan Mạch,DKK,0,3089.21,3207.82
8/10/2022,17:24,8/10/2022,https://ngan-hang.com/ty-gia-ngan-hang-vietinbank,Vietinbank,Đô la,USD,0,23660,24100
8/10/2022,17:24,8/10/2022,https://ngan-hang.com/ty-gia-ngan-hang-vietinbank,Vietinbank,Euro,EUR,0,22416,23706
8/10/2022,17:24,8/10/2022,https://ngan-hang.com/ty-gia-ngan-hang-vietinbank,Vietinbank,Bảng Anh,GBP,0,25923,27093
8/10/2022,17:24,8/10/2022,https://ngan-hang.com/ty-gia-ngan-hang-vietinbank,Vietinbank,Đô la Singapore,SGD,0,16113,16913
8/10/2022,17:24,8/10/2022,https://ngan-hang.com/ty-gia-ngan-hang-vietinbank,Vietinbank,Yên Nhật,JPY,0,160.25,169.8
8/10/2022,17:24,8/10/2022,https://ngan-hang.com/ty-gia-ngan-hang-vietinbank,Vietinbank,Nhân dân tệ,CNY,0,3286,3426
8/10/2022,17:24,8/10/2022,https://ngan-hang.com/ty-gia-ngan-hang-vietinbank,Vietinbank,Đô la Hồng Kông,HKD,0,2922,3117
8/10/2022,17:24,8/10/2022,https://ngan-hang.com/ty-gia-ngan-hang-vietinbank,Vietinbank,Đô la Úc,AUD,0,14909,15609
8/10/2022,17:24,8/10/2022,https://ngan-hang.com/ty-gia-ngan-hang-vietinbank,Vietinbank,Đô la Canada,CAD,0,17081,17781
8/10/2022,17:24,8/10/2022,https://ngan-hang.com/ty-gia-ngan-hang-vietinbank,Vietinbank,Franc Thuỵ Sĩ,CHF,0,23514,24464
8/10/2022,17:24,8/10/2022,https://ngan-hang.com/ty-gia-ngan-hang-vietinbank,Vietinbank,Won Hàn Quốc,KRW,0,14.85,18.65
8/10/2022,17:24,8/10/2022,https://ngan-hang.com/ty-gia-ngan-hang-vietinbank,Vietinbank,Krone Na Uy,NOK,0,2149,2269
8/10/2022,17:24,8/10/2022,https://ngan-hang.com/ty-gia-ngan-hang-vietinbank,Vietinbank,Baht Thái,THB,0,622.28,650.28
8/10/2022,17:24,8/10/2022,https://ngan-hang.com/ty-gia-ngan-hang-vietinbank,Vietinbank,Krona Thuỵ Điển,SEK,0,2056,2191
8/10/2022,17:24,8/10/2022,https://ngan-hang.com/ty-gia-ngan-hang-vietinbank,Vietinbank,Ðô la New Zealand,NZD,0,13154,13564
8/10/2022,17:24,8/10/2022,https://ngan-hang.com/ty-gia-ngan-hang-vietinbank,Vietinbank,Kip Lào,LAK,0,0.74,1.69
8/10/2022,17:24,8/10/2022,https://ngan-hang.com/ty-gia-ngan-hang-vietinbank,Vietinbank,Krone Đan Mạch,DKK,0,3036,3206
8/10/2022,17:24,8/10/2022,https://ngan-hang.com/ty-gia-ngan-hang-donga,Đông,Đô la,USD,23780,23780,24040
8/10/2022,17:24,8/10/2022,https://ngan-hang.com/ty-gia-ngan-hang-donga,Đông,Euro,EUR,23160,23260,23700
8/10/2022,17:24,8/10/2022,https://ngan-hang.com/ty-gia-ngan-hang-donga,Đông,Bảng Anh,GBP,26440,26560,27040
8/10/2022,17:24,8/10/2022,https://ngan-hang.com/ty-gia-ngan-hang-donga,Đông,Đô la Singapore,SGD,16450,16600,16890
8/10/2022,17:24,8/10/2022,https://ngan-hang.com/ty-gia-ngan-hang-donga,Đông,Đô la Hồng Kông,HKD,2410,2900,2920
8/10/2022,17:24,8/10/2022,https://ngan-hang.com/ty-gia-ngan-hang-donga,Đông,Yên Nhật,JPY,162,163,166
8/10/2022,17:24,8/10/2022,https://ngan-hang.com/ty-gia-ngan-hang-donga,Đông,Đô la Úc,AUD,15130,15220,15510
8/10/2022,17:24,8/10/2022,https://ngan-hang.com/ty-gia-ngan-hang-donga,Đông,Đô la Canada,CAD,17180,17280,17600
8/10/2022,17:24,8/10/2022,https://ngan-hang.com/ty-gia-ngan-hang-donga,Đông,Franc Thuỵ Sĩ,CHF,22610,23950,23080
8/10/2022,17:24,8/10/2022,https://ngan-hang.com/ty-gia-ngan-hang-donga,Đông,Baht Thái,THB,570,630,660
8/10/2022,17:24,8/10/2022,https://ngan-hang.com/ty-gia-ngan-hang-donga,Đông,Ðô la New Zealand,NZD,0,13410,0
8/10/2022,17:24,8/10/2022,https://thebank.vn,ABBank ,Đô la Mỹ,USD,23700,23740,24020
8/10/2022,17:24,8/10/2022,https://thebank.vn,ABBank ,EURO,EUR,22845,22937,24110
8/10/2022,17:24,8/10/2022,https://thebank.vn,ABBank ,Bảng Anh,GBP,26040,26144,27180
8/10/2022,17:24,8/10/2022,https://thebank.vn,ABBank ,Yên Nhật,JPY,161.58,162.23,169.36
8/10/2022,17:24,8/10/2022,https://thebank.vn,ABBank ,Đô la Úc,AUD,14870,14929,15750
8/10/2022,17:24,8/10/2022,https://thebank.vn,ABBank ,Đô la Canada,CAD,16928,17047,17760
8/10/2022,17:24,8/10/2022,https://thebank.vn,ACB ,Đô la Mỹ,USD,23700,23770,24050
8/10/2022,17:24,8/10/2022,https://thebank.vn,ACB ,EURO,EUR,22972,23064,23541
8/10/2022,17:24,8/10/2022,https://thebank.vn,ANZ ,ĐÔ LA MỸ,USD,22650,22650,22750
8/10/2022,17:24,8/10/2022,https://thebank.vn,ANZ ,ĐÔ LA ÚC,AUD,17108,17108,17653
8/10/2022,17:24,8/10/2022,https://thebank.vn,ANZ ,ĐÔ CANADA,CAD,17417,17417,17911
8/10/2022,17:24,8/10/2022,https://thebank.vn,ANZ ,FRANCE THỤY SĨ,CHF,22402,22402,23514
8/10/2022,17:24,8/10/2022,https://thebank.vn,ANZ ,KRONE ĐAN MẠCH,DKK,3427,3427,3768
8/10/2022,17:24,8/10/2022,https://thebank.vn,ANZ ,EURO,EUR,26445,26445,26991
8/10/2022,17:24,8/10/2022,https://thebank.vn,ANZ ,BẢNG ANH,GBP,29816,29816,30771
8/10/2022,17:24,8/10/2022,https://thebank.vn,ANZ ,ĐÔ HONGKONG,HKD,2874,2874,2945
8/10/2022,17:24,8/10/2022,https://thebank.vn,Agribank ,Đô la Mỹ,USD,23710,23735,24015
8/10/2022,17:24,8/10/2022,https://thebank.vn,Agribank ,Bảng Anh,GBP,26120,26278,26948
8/10/2022,17:24,8/10/2022,https://thebank.vn,Agribank ,Đôla Singapore,SGD,16442,16508,16891
8/10/2022,17:24,8/10/2022,https://thebank.vn,Agribank ,Đô la Hồng Kong,HKD,2983,2995,3089
8/10/2022,17:24,8/10/2022,https://thebank.vn,Agribank ,Yên Nhật,JPY,162.25,162.4,169.04
8/10/2022,17:24,8/10/2022,https://thebank.vn,Agribank ,Đô la Úc,AUD,14948,15008,15593
8/10/2022,17:24,8/10/2022,https://thebank.vn,Agribank ,Đô la Canada,CAD,17099,17168,17574
8/10/2022,17:24,8/10/2022,https://thebank.vn,BAOVIET Bank ,ĐÔ LA MỸ,USD,22650,22650,22870
8/10/2022,17:24,8/10/2022,https://thebank.vn,BIDC ,ĐÔ LA MỸ,USD,22510,22540,22750
8/10/2022,17:24,8/10/2022,https://thebank.vn,BIDC ,ĐÔ LA ÚC,AUD,16243,16341,16828
8/10/2022,17:24,8/10/2022,https://thebank.vn,BIDC ,ĐÔ CANADA,CAD,17649,17756,18325
8/10/2022,17:24,8/10/2022,https://thebank.vn,BIDC ,FRANCE THỤY SĨ,CHF,24065,24210,24974
8/10/2022,17:24,8/10/2022,https://thebank.vn,CBBank ,ĐÔ LA MỸ,USD,22540,22560,22740
8/10/2022,17:24,8/10/2022,https://thebank.vn,CBBank ,ĐÔ LA ÚC,AUD,16364,16471,16757
8/10/2022,17:24,8/10/2022,https://thebank.vn,Citibank ,ĐÔ LA MỸ,USD,22668.46,22676.15,22754
8/10/2022,17:24,8/10/2022,https://thebank.vn,Citibank ,ĐÔ LA ÚC,AUD,16787.92,16902.88,17192.9
8/10/2022,17:24,8/10/2022,https://thebank.vn,Citibank ,ĐÔ CANADA,CAD,17363.77,17502.66,17811
8/10/2022,17:24,8/10/2022,https://thebank.vn,Citibank ,FRANCE THỤY SĨ,CHF,22446.08,22624.7,23020.24
8/10/2022,17:24,8/10/2022,https://thebank.vn,Citibank ,KRONE ĐAN MẠCH,DKK,3550,3547.54,3681.48
8/10/2022,17:24,8/10/2022,https://thebank.vn,Citibank ,EURO,EUR,26489.52,26572.71,26875.11
8/10/2022,17:24,8/10/2022,https://thebank.vn,Citibank ,BẢNG ANH,GBP,30187.89,30356.81,30737.39
8/10/2022,17:24,8/10/2022,https://thebank.vn,Citibank ,ĐÔ HONGKONG,HKD,2747.35,2832.26,2951.89
8/10/2022,17:24,8/10/2022,https://thebank.vn,Citibank ,RUPI ẤN ĐỘ,INR,0,351.28,365.07
8/10/2022,17:24,8/10/2022,https://thebank.vn,Citibank ,YÊN NHẬT,JPY,197.82,198.97,201.76
8/10/2022,17:24,8/10/2022,https://thebank.vn,Citibank ,WON HÀN QUỐC,KRW,19.87,19.6,22.14
8/10/2022,17:24,8/10/2022,https://thebank.vn,DongA Bank ,Đô la Mỹ,USD,23780,23780,24040
8/10/2022,17:24,8/10/2022,https://thebank.vn,DongA Bank ,EURO,EUR,23160,23260,23700
8/10/2022,17:24,8/10/2022,https://thebank.vn,DongA Bank ,Bảng Anh,GBP,26440,26560,27040
8/10/2022,17:24,8/10/2022,https://thebank.vn,DongA Bank ,Đôla Singapore,SGD,16450,16600,16890
8/10/2022,17:24,8/10/2022,https://thebank.vn,DongA Bank ,Yên Nhật,JPY,162,163,166
8/10/2022,17:24,8/10/2022,https://thebank.vn,DongA Bank ,Đô la Hồng Kong,HKD,2410,2900,2920
8/10/2022,17:24,8/10/2022,https://thebank.vn,DongA Bank ,Đô la Úc,AUD,15130,15220,15510
8/10/2022,17:24,8/10/2022,https://thebank.vn,DongA Bank ,Đô la Canada,CAD,17180,17280,17600
8/10/2022,17:24,8/10/2022,https://thebank.vn,DongA Bank ,Franc Thụy Sĩ,CHF,22610,23950,23080
8/10/2022,17:24,8/10/2022,https://thebank.vn,DongA Bank ,Baht Thái Lan,THB,570,630,660
8/10/2022,17:24,8/10/2022,https://thebank.vn,EximBank ,ĐÔ LA MỸ,USD,22530,22550,22730
8/10/2022,17:24,8/10/2022,https://thebank.vn,EximBank ,ĐÔ LA ÚC,AUD,16299,16348,16660
8/10/2022,17:24,8/10/2022,https://thebank.vn,EximBank ,ĐÔ CANADA,CAD,18016,18070,18379
8/10/2022,17:24,8/10/2022,https://thebank.vn,GPBank ,Đô la Mỹ,USD,23700,23770,24050
8/10/2022,17:24,8/10/2022,https://thebank.vn,GPBank ,EURO,EUR,22980,23215,23587
8/10/2022,17:24,8/10/2022,https://thebank.vn,HDBank ,ĐÔ LA MỸ,USD,22660,22680,22840
8/10/2022,17:24,8/10/2022,https://thebank.vn,HDBank ,ĐÔ LA ÚC,AUD,16842,16876,17247
8/10/2022,17:24,8/10/2022,https://thebank.vn,HDBank ,ĐÔ CANADA,CAD,18128,18208,18561
8/10/2022,17:24,8/10/2022,https://thebank.vn,HSBC ,Đô la Mỹ,USD,23768,23768,23982
8/10/2022,17:24,8/10/2022,https://thebank.vn,HSBC ,EURO,EUR,22918,22965,23806
8/10/2022,17:24,8/10/2022,https://thebank.vn,HSBC ,Bảng Anh,GBP,25956,26196,27047
8/10/2022,17:24,8/10/2022,https://thebank.vn,HSBC ,Đôla Singapore,SGD,16292,16443,16977
8/10/2022,17:24,8/10/2022,https://thebank.vn,HSBC ,Yên Nhật,JPY,160.69,161.85,167.78
8/10/2022,17:24,8/10/2022,https://thebank.vn,HSBC ,Đô la Hồng Kong,HKD,2966,2993,3091
8/10/2022,17:24,8/10/2022,https://thebank.vn,HSBC ,Đô la Úc,AUD,14942,15050,15601
8/10/2022,17:24,8/10/2022,https://thebank.vn,HSBC ,Đô la Canada,CAD,16942,17099,17654
8/10/2022,17:24,8/10/2022,https://thebank.vn,HSBC ,Franc Thụy Sĩ,CHF,23732,23732,24502
8/10/2022,17:24,8/10/2022,https://thebank.vn,HSBC ,Baht Thái Lan,THB,616,616,661
8/10/2022,17:24,8/10/2022,https://thebank.vn,HSBC ,Đô la New Zealand,NZD,13308,13308,13741
8/10/2022,17:24,8/10/2022,https://thebank.vn,HongLeong Bank ,ĐÔ LA MỸ,USD,22530,22550,22750
8/10/2022,17:24,8/10/2022,https://thebank.vn,HongLeong Bank ,ĐÔ LA ÚC,AUD,16204,16349,16858
8/10/2022,17:24,8/10/2022,https://thebank.vn,Indovina Bank ,ĐÔ LA MỸ,USD,22550,22560,22720
8/10/2022,17:24,8/10/2022,https://thebank.vn,Indovina Bank ,ĐÔ LA ÚC,AUD,16288,16472,17118
8/10/2022,17:24,8/10/2022,https://thebank.vn,KienLong Bank ,ĐÔ LA MỸ,USD,22660,22680,22840
8/10/2022,17:24,8/10/2022,https://thebank.vn,KienLong Bank ,ĐÔ LA ÚC,AUD,16752,16853,17235
8/10/2022,17:24,8/10/2022,https://thebank.vn,KienLong Bank ,ĐÔ CANADA,CAD,18129,18225,18550
8/10/2022,17:24,8/10/2022,https://thebank.vn,LienVietPostBank ,ĐÔ LA MỸ,USD,22550,22570,22730
8/10/2022,17:24,8/10/2022,https://thebank.vn,MBBank ,ĐÔ LA MỸ,USD,22535,22545,22745
8/10/2022,17:24,8/10/2022,https://thebank.vn,MBBank ,ĐÔ LA ÚC,AUD,16676,16844,17461
8/10/2022,17:24,8/10/2022,https://thebank.vn,MBBank ,ĐÔ CANADA,CAD,17996,18178,18783
8/10/2022,17:24,8/10/2022,https://thebank.vn,MBBank ,FRANCE THỤY SĨ,CHF,24124,24368,25125
8/10/2022,17:24,8/10/2022,https://thebank.vn,MSB ,Đô la Mỹ,USD,23805,23744,24105
8/10/2022,17:24,8/10/2022,https://thebank.vn,MSB ,Đô la Úc,AUD,14979,14971,15498
8/10/2022,17:24,8/10/2022,https://thebank.vn,MSB ,Đô la Canada,CAD,17157,17151,17689
8/10/2022,17:24,8/10/2022,https://thebank.vn,MSB ,Franc Thụy Sĩ,CHF,23795,23797,24278
8/10/2022,17:24,8/10/2022,https://thebank.vn,NCB ,ĐÔ LA MỸ,USD,22520,22540,22770
8/10/2022,17:24,8/10/2022,https://thebank.vn,NCB ,ĐÔ LA ÚC,AUD,15598,15698,16180
8/10/2022,17:24,8/10/2022,https://thebank.vn,NCB ,ĐÔ CANADA,CAD,17466,17566,18034
8/10/2022,17:24,8/10/2022,https://thebank.vn,NCB ,FRANCE THỤY SĨ,CHF,23855,23985,24623
8/10/2022,17:24,8/10/2022,https://thebank.vn,Nam A Bank ,ĐÔ LA MỸ,USD,22495,22545,22745
8/10/2022,17:24,8/10/2022,https://thebank.vn,Nam A Bank ,ĐÔ LA ÚC,AUD,16699,16884,17267
8/10/2022,17:24,8/10/2022,https://thebank.vn,Nam A Bank ,ĐÔ CANADA,CAD,17988,18188,18597
8/10/2022,17:24,8/10/2022,https://thebank.vn,OCB ,Đô la Mỹ,USD,23735,23785,24097
8/10/2022,17:24,8/10/2022,https://thebank.vn,OCB ,Đô la Úc,AUD,15095,15245,16506
8/10/2022,17:24,8/10/2022,https://thebank.vn,OCB ,EURO,EUR,23136,23286,24656
8/10/2022,17:24,8/10/2022,https://thebank.vn,OCB ,Đô la Canada,CAD,16965,17065,18578
8/10/2022,17:24,8/10/2022,https://thebank.vn,OCB ,Đôla Singapore,SGD,16353,16503,16961
8/10/2022,17:24,8/10/2022,https://thebank.vn,OCB ,Yên Nhật,JPY,161.79,163.29,167.87
8/10/2022,17:24,8/10/2022,https://thebank.vn,OCB ,Bảng Anh,GBP,26376,26526,27290
8/10/2022,17:24,8/10/2022,https://thebank.vn,OCB ,Franc Thụy Sĩ,CHF,24593,24593,24593
8/10/2022,17:24,8/10/2022,https://thebank.vn,OCB ,Won Hàn Quốc,KRW,17.56,17.56,17.56
8/10/2022,17:24,8/10/2022,https://thebank.vn,OceanBank ,ĐÔ LA MỸ,USD,22665,22675,22840
8/10/2022,17:24,8/10/2022,https://thebank.vn,PG Bank ,ĐÔ LA MỸ,USD,22520,22570,22730
8/10/2022,17:24,8/10/2022,https://thebank.vn,PVcomBank ,ĐÔ LA MỸ,USD,22520,22550,22750
8/10/2022,17:24,8/10/2022,https://thebank.vn,PVcomBank ,ĐÔ LA ÚC,AUD,16188,16351,16864
8/10/2022,17:24,8/10/2022,https://thebank.vn,Public Bank Việt Nam ,ĐÔ LA MỸ,USD,22515,22550,22750
8/10/2022,17:24,8/10/2022,https://thebank.vn,Public Bank Việt Nam ,ĐÔ LA ÚC,AUD,16182,16346,16843
8/10/2022,17:24,8/10/2022,https://thebank.vn,Public Bank Việt Nam ,ĐÔ CANADA,CAD,17593,17771,18323
8/10/2022,17:24,8/10/2022,https://thebank.vn,Public Bank Việt Nam ,FRANCE THỤY SĨ,CHF,24098,24342,25024
8/10/2022,17:24,8/10/2022,https://thebank.vn,SCB ,Đô la Mỹ,USD,23720,23790,24050
8/10/2022,17:24,8/10/2022,https://thebank.vn,SCB ,EURO,EUR,22890,22960,23720
8/10/2022,17:24,8/10/2022,https://thebank.vn,SCB ,Bảng Anh,GBP,26150,26210,27000
8/10/2022,17:24,8/10/2022,https://thebank.vn,SCB ,Yên Nhật,JPY,161.4,162.5,168.4
8/10/2022,17:24,8/10/2022,https://thebank.vn,SCB ,Đô la Canada,CAD,17100,17200,17880
8/10/2022,17:24,8/10/2022,https://thebank.vn,SCB ,Đô la Úc,AUD,14920,15000,15710
8/10/2022,17:24,8/10/2022,https://thebank.vn,SCB ,Đôla Singapore,SGD,16450,16520,17250
8/10/2022,17:24,8/10/2022,https://thebank.vn,Sacombank ,Đô la Mỹ,USD,23744,23784,24019
8/10/2022,17:24,8/10/2022,https://thebank.vn,Sacombank ,Bảng Anh,GBP,26364,26414,27022
8/10/2022,17:24,8/10/2022,https://thebank.vn,Sacombank ,EURO,EUR,23021,23121,23835
8/10/2022,17:24,8/10/2022,https://thebank.vn,Sacombank ,Đôla Singapore,SGD,16408,16508,17017
8/10/2022,17:24,8/10/2022,https://thebank.vn,Saigonbank ,ĐÔ LA MỸ,USD,22650,22670,22840
8/10/2022,17:24,8/10/2022,https://thebank.vn,Saigonbank ,ĐÔ LA ÚC,AUD,16829,16939,17219
8/10/2022,17:24,8/10/2022,https://thebank.vn,Saigonbank ,ĐÔ CANADA,CAD,18132,18248,18531
8/10/2022,17:24,8/10/2022,https://thebank.vn,SeABank ,EURO,EUR,22968,23148,24108
8/10/2022,17:24,8/10/2022,https://thebank.vn,SeABank ,Yên Nhật,JPY,159.73,161.63,169.23
8/10/2022,17:24,8/10/2022,https://thebank.vn,SeABank ,Đô la Úc,AUD,15049,15149,15749
8/10/2022,17:24,8/10/2022,https://thebank.vn,SeABank ,Đôla Singapore,SGD,16435,16535,17145
8/10/2022,17:24,8/10/2022,https://thebank.vn,SeABank ,Bảng Anh,GBP,26163,26413,27443
8/10/2022,17:24,8/10/2022,https://thebank.vn,SeABank ,Đô la Canada,CAD,17076,17226,17826
8/10/2022,17:24,8/10/2022,https://thebank.vn,SeABank ,Đô la Hồng Kong,HKD,2562,2862,3232
8/10/2022,17:24,8/10/2022,https://thebank.vn,SeABank ,Franc Thụy Sĩ,CHF,23736,23886,24496
8/10/2022,17:24,8/10/2022,https://thebank.vn,SeABank ,Baht Thái Lan,THB,586,606,673
8/10/2022,17:24,8/10/2022,https://thebank.vn,Shinhan Bank ,ĐÔ LA MỸ,USD,22525,22535,22735
8/10/2022,17:24,8/10/2022,https://thebank.vn,Shinhan Bank ,ĐÔ LA ÚC,AUD,16670,16846,17256
8/10/2022,17:24,8/10/2022,https://thebank.vn,Shinhan Bank ,ĐÔ CANADA,CAD,17931,18150,18562
8/10/2022,17:24,8/10/2022,https://thebank.vn,Standard Chartered ,ĐÔ LA MỸ,USD,22530,22530,22750
8/10/2022,17:24,8/10/2022,https://thebank.vn,Standard Chartered ,ĐÔ LA ÚC,AUD,16251,16251,16947
8/10/2022,17:24,8/10/2022,https://thebank.vn,Standard Chartered ,ĐÔ CANADA,CAD,17659,17659,18415
8/10/2022,17:24,8/10/2022,https://thebank.vn,TPBank ,ĐÔ LA MỸ,USD,22500,22545,22743
8/10/2022,17:24,8/10/2022,https://thebank.vn,TPBank ,ĐÔ LA ÚC,AUD,16646,16795,17320
8/10/2022,17:24,8/10/2022,https://thebank.vn,TPBank ,ĐÔ CANADA,CAD,18065,18132,18699
8/10/2022,17:24,8/10/2022,https://thebank.vn,UOB ,ĐÔ LA MỸ,USD,22460,22520,22770
8/10/2022,17:24,8/10/2022,https://thebank.vn,UOB ,ĐÔ LA ÚC,AUD,16099,16307,16898
8/10/2022,17:24,8/10/2022,https://thebank.vn,UOB ,ĐÔ CANADA,CAD,17496,17721,18367
8/10/2022,17:24,8/10/2022,https://thebank.vn,VIB ,ĐÔ LA MỸ,USD,22525,22545,22745
8/10/2022,17:24,8/10/2022,https://thebank.vn,VIB ,ĐÔ LA ÚC,AUD,16183,16330,16724
8/10/2022,17:24,8/10/2022,https://thebank.vn,VIB ,ĐÔ CANADA,CAD,17666,17808,18150
8/10/2022,17:24,8/10/2022,https://thebank.vn,VPBank ,Đô la Mỹ,USD,23750,23770,24040
8/10/2022,17:24,8/10/2022,https://thebank.vn,VPBank ,EURO,EUR,22766,22924,23610
8/10/2022,17:24,8/10/2022,https://thebank.vn,VPBank ,Bảng Anh,GBP,25980,26181,26767
8/10/2022,17:24,8/10/2022,https://thebank.vn,VPBank ,Franc Thụy Sĩ,CHF,23534,23735,24259
8/10/2022,17:24,8/10/2022,https://thebank.vn,VPBank ,Yên Nhật,JPY,160.12,161.3,167.27
8/10/2022,17:24,8/10/2022,https://thebank.vn,VPBank ,Đô la Úc,AUD,14857,14960,15459
8/10/2022,17:24,8/10/2022,https://thebank.vn,VPBank ,Đô la Canada,CAD,16999,17158,17611
8/10/2022,17:24,8/10/2022,https://thebank.vn,VPBank ,Đôla Singapore,SGD,16398,16431,16901
8/10/2022,17:24,8/10/2022,https://thebank.vn,VRB ,ĐÔ LA MỸ,USD,22540,22550,22745
8/10/2022,17:24,8/10/2022,https://thebank.vn,VRB ,ĐÔ LA ÚC,AUD,16333,16448,16787
8/10/2022,17:24,8/10/2022,https://thebank.vn,VRB ,ĐÔ CANADA,CAD,17703,17882,18277
8/10/2022,17:24,8/10/2022,https://thebank.vn,Viet Capital Bank ,Đô la Úc,AUD,15118,15271,16022
8/10/2022,17:24,8/10/2022,https://thebank.vn,Viet Capital Bank ,Đô la Canada,CAD,17223,17387,18097
8/10/2022,17:24,8/10/2022,https://thebank.vn,Viet Capital Bank ,Franc Thụy Sĩ,CHF,23769,24010,24872
8/10/2022,17:24,8/10/2022,https://thebank.vn,Viet Capital Bank ,EURO,EUR,23221,23456,24711
8/10/2022,17:24,8/10/2022,https://thebank.vn,Viet Capital Bank ,Bảng Anh,GBP,26610,26879,27884
8/10/2022,17:24,8/10/2022,https://thebank.vn,Viet Capital Bank ,Đô la Hồng Kong,HKD,2961,2991,3097
8/10/2022,17:24,8/10/2022,https://thebank.vn,Viet Capital Bank ,Yên Nhật,JPY,161.55,163.18,172.42
8/10/2022,17:24,8/10/2022,https://thebank.vn,Viet Capital Bank ,Đôla Singapore,SGD,16363,16528,17200
8/10/2022,17:24,8/10/2022,https://thebank.vn,Viet Capital Bank ,Baht Thái Lan,THB,559,621,655
8/10/2022,17:24,8/10/2022,https://thebank.vn,Viet Capital Bank ,Đô la Mỹ,USD,23730,23750,24080
8/10/2022,17:24,8/10/2022,https://thebank.vn,VietABank ,Đô la Mỹ,USD,23595,23775,23985
8/10/2022,17:24,8/10/2022,https://thebank.vn,VietABank ,Bảng Anh,GBP,26310,26530,26947
8/10/2022,17:24,8/10/2022,https://thebank.vn,VietABank ,Franc Thụy Sĩ,CHF,23747,23927,24320
8/10/2022,17:24,8/10/2022,https://thebank.vn,VietABank ,Yên Nhật,JPY,161.28,162.98,166.56
8/10/2022,17:24,8/10/2022,https://thebank.vn,VietABank ,Đô la Úc,AUD,15055,15175,15482
8/10/2022,17:24,8/10/2022,https://thebank.vn,VietABank ,Đô la Canada,CAD,17115,17245,17573
8/10/2022,17:24,8/10/2022,https://thebank.vn,VietABank ,EURO,EUR,23055,23205,23590
8/10/2022,17:24,8/10/2022,https://thebank.vn,VietABank ,Đô la Hồng Kong,HKD,2907,2977,3107
8/10/2022,17:24,8/10/2022,https://thebank.vn,VietABank ,Đôla Singapore,SGD,16421,16561,16891
8/10/2022,17:24,8/10/2022,https://thebank.vn,VietABank ,Krone Đan Mạch,DKK,3000,3080,3210
8/10/2022,17:24,8/10/2022,https://thebank.vn,Vietbank ,ĐÔ LA MỸ,USD,22530,22550,22730
8/10/2022,17:24,8/10/2022,https://thebank.vn,Vietbank ,ĐÔ LA ÚC,AUD,16299,16348,16660
8/10/2022,17:24,8/10/2022,https://thebank.vn,Vietbank ,ĐÔ CANADA,CAD,18167,18221,18533
8/10/2022,17:24,8/10/2022,https://thebank.vn,Vietcombank ,Đô la Mỹ,USD,23710,23740,24020
8/10/2022,17:24,8/10/2022,https://thebank.vn,Vietcombank ,Bảng Anh,GBP,26010.27,26273,27118.58
8/10/2022,17:24,8/10/2022,https://thebank.vn,Vietcombank ,EURO,EUR,22808.72,23039.11,24085.19
8/10/2022,17:24,8/10/2022,https://thebank.vn,Vietcombank ,Đôla Singapore,SGD,16285.73,16450.24,16979.68
8/10/2022,17:24,8/10/2022,https://thebank.vn,Vietcombank ,Yên Nhật,JPY,160.35,161.97,169.75
8/10/2022,17:24,8/10/2022,https://thebank.vn,Vietcombank ,Nhân dân tệ,CNY,3287.77,3320.98,3428.38
8/10/2022,17:24,8/10/2022,https://thebank.vn,Vietcombank ,Đô la Hồng Kong,HKD,2964.66,2994.61,3090.99
8/10/2022,17:24,8/10/2022,https://thebank.vn,Vietcombank ,Đô la Úc,AUD,14916.52,15067.2,15552.12
8/10/2022,17:24,8/10/2022,https://thebank.vn,Vietcombank ,Đô la Canada,CAD,16953.68,17124.93,17676.08
8/10/2022,17:24,8/10/2022,https://thebank.vn,Vietcombank ,Won Hàn Quốc,KRW,14.61,16.23,17.8
8/10/2022,17:24,8/10/2022,https://thebank.vn,Woori Bank ,ĐÔ LA MỸ,USD,22730,22740,22850
